"","Entry","Entry.name","Gene.names","Protein.names","Gene.ontology..GO."
"1","Q06396","ARF1_ORYSJ","Os01g0813400 LOC_Os01g59790 OsJ_03844 OSJNBa0085D07.10 P0425G02.41 P0432B10.14","ADP-ribosylation factor 1 (13 kDa cold-induced protein)","cytoplasm [GO:0005737]; Golgi apparatus [GO:0005794]; GTP binding [GO:0005525]; intracellular protein transport [GO:0006886]; vesicle-mediated transport [GO:0016192]"
"2","P12794","BIP_PLAFA","","Endoplasmic reticulum chaperone BiP (EC 3.6.4.10) (78 kDa glucose-regulated protein homolog) (GRP-78 homolog) (Binding-immunoglobulin protein homolog) (BiP) (Fragment)","endoplasmic reticulum lumen [GO:0005788]; ATP binding [GO:0005524]; hydrolase activity [GO:0016787]"
"3","Q6AY71","CH037_RAT","","Protein C8orf37 homolog","ciliary base [GO:0097546]; cytoplasm [GO:0005737]; cytosol [GO:0005829]; photoreceptor inner segment [GO:0001917]; photoreceptor cell morphogenesis [GO:0008594]"
"4","Q8WV93","AFG1L_HUMAN","AFG1L AFG1 LACE1","AFG1-like ATPase (Lactation elevated protein 1) (EC 3.6.-.-) (Protein AFG1 homolog)","cytoplasm [GO:0005737]; mitochondrial membrane [GO:0031966]; mitochondrion [GO:0005739]; ATP binding [GO:0005524]; ATPase activity [GO:0016887]; mitochondrial electron transport, cytochrome c to oxygen [GO:0006123]; mitochondrial protein catabolic process [GO:0035694]; mitochondrion organization [GO:0007005]"
"5","Q5JGK6","RF1_THEKO","prf1 TK1239","Peptide chain release factor subunit 1 (Translation termination factor aRF1)","cytosol [GO:0005829]; translation release factor complex [GO:0018444]; sequence-specific mRNA binding [GO:1990825]; translation release factor activity, codon specific [GO:0016149]"
"6","Q9DG39","SLXA_GLOHA","","Snaclec coagulation factor IX/factor X-binding protein subunit A (IX/X-bp subunit A) (Halyxin subunit A)","extracellular region [GO:0005576]; metal ion binding [GO:0046872]; toxin activity [GO:0090729]"
"7","P83205","CATB_SHEEP","CTSB","Cathepsin B (EC 3.4.22.1) (Cathepsin B1) [Cleaved into: Cathepsin B light chain; Cathepsin B heavy chain]","apical plasma membrane [GO:0016324]; external side of plasma membrane [GO:0009897]; extracellular space [GO:0005615]; lysosome [GO:0005764]; melanosome [GO:0042470]; nucleolus [GO:0005730]; perinuclear region of cytoplasm [GO:0048471]; collagen binding [GO:0005518]; cysteine-type endopeptidase activity [GO:0004197]; endopeptidase activity [GO:0004175]; proteoglycan binding [GO:0043394]; cellular response to thyroid hormone stimulus [GO:0097067]; collagen catabolic process [GO:0030574]; decidualization [GO:0046697]; epithelial cell differentiation [GO:0030855]; proteolysis involved in cellular protein catabolic process [GO:0051603]; regulation of catalytic activity [GO:0050790]; thyroid hormone generation [GO:0006590]; viral entry into host cell [GO:0046718]"
"8","Q6VVW5","ANPRB_MOUSE","Npr2","Atrial natriuretic peptide receptor 2 (EC 4.6.1.2) (Atrial natriuretic peptide receptor type B) (ANP-B) (ANPR-B) (NPR-B) (Guanylate cyclase B) (GC-B)","integral component of plasma membrane [GO:0005887]; plasma membrane [GO:0005886]; ATP binding [GO:0005524]; GTP binding [GO:0005525]; guanylate cyclase activity [GO:0004383]; hormone binding [GO:0042562]; identical protein binding [GO:0042802]; natriuretic peptide receptor activity [GO:0016941]; peptide hormone binding [GO:0017046]; peptide receptor activity [GO:0001653]; protein kinase activity [GO:0004672]; bone development [GO:0060348]; cellular response to granulocyte macrophage colony-stimulating factor stimulus [GO:0097011]; cGMP biosynthetic process [GO:0006182]; cGMP-mediated signaling [GO:0019934]; negative regulation of meiotic cell cycle [GO:0051447]; negative regulation of oocyte maturation [GO:1900194]; ossification [GO:0001503]; positive regulation of cGMP-mediated signaling [GO:0010753]; receptor guanylyl cyclase signaling pathway [GO:0007168]; reproductive process [GO:0022414]; signal transduction [GO:0007165]"
"9","A8WIP6","CDK20_DANRE","cdk20 ccrk si:dkeyp-77f7.1 zgc:101530","Cyclin-dependent kinase 20 (EC 2.7.11.22) (Cell cycle-related kinase) (Cell division protein kinase 20)","cilium [GO:0005929]; cytoplasm [GO:0005737]; nucleus [GO:0005634]; ATP binding [GO:0005524]; cyclin-dependent protein serine/threonine kinase activity [GO:0004693]; cell cycle [GO:0007049]; cell division [GO:0051301]; cilium assembly [GO:0060271]; multicellular organism development [GO:0007275]; protein phosphorylation [GO:0006468]"
"10","Q5AEN1","CCPR_CANAL","CCP1 CAALFM_C302480CA CaO19.238 CaO19.7868","Cytochrome c peroxidase, mitochondrial (CCP) (EC 1.11.1.5)","mitochondrial matrix [GO:0005759]; cytochrome-c peroxidase activity [GO:0004130]; heme binding [GO:0020037]; metal ion binding [GO:0046872]; peroxidase activity [GO:0004601]; cellular response to oxidative stress [GO:0034599]; cellular response to reactive oxygen species [GO:0034614]; hydrogen peroxide catabolic process [GO:0042744]; response to reactive oxygen species [GO:0000302]"
"11","Q18812","ACC2_CAEEL","acc-2 C53D6.3","Acetylcholine-gated chloride channel subunit acc-2","chloride channel complex [GO:0034707]; integral component of plasma membrane [GO:0005887]; neuron projection [GO:0043005]; synapse [GO:0045202]; chloride channel activity [GO:0005254]; extracellular ligand-gated ion channel activity [GO:0005230]; neurotransmitter receptor activity [GO:0030594]; transmembrane signaling receptor activity [GO:0004888]; chemical synaptic transmission [GO:0007268]; chloride transmembrane transport [GO:1902476]; ion transmembrane transport [GO:0034220]; nervous system process [GO:0050877]; regulation of membrane potential [GO:0042391]; signal transduction [GO:0007165]"
"12","Q1XDP4","ATPD_PYRYE","atpD","ATP synthase subunit delta, chloroplastic (ATP synthase F(1) sector subunit delta) (F-type ATPase subunit delta)","chloroplast thylakoid membrane [GO:0009535]; proton-transporting ATP synthase complex, catalytic core F(1) [GO:0045261]; proton-transporting ATP synthase activity, rotational mechanism [GO:0046933]"
"13","Q02TT1","MASZ_PSEAB","glcB PA14_06290","Malate synthase G (EC 2.3.3.9)","cytoplasm [GO:0005737]; malate synthase activity [GO:0004474]; metal ion binding [GO:0046872]; glyoxylate cycle [GO:0006097]; tricarboxylic acid cycle [GO:0006099]"
"14","Q91896","1433Z_XENLA","ywhaz","14-3-3 protein zeta","cytoplasm [GO:0005737]; regulation of ERK1 and ERK2 cascade [GO:0070372]"
"15","P30191","GBRA6_RAT","Gabra6 Gabra-6","Gamma-aminobutyric acid receptor subunit alpha-6 (GABA(A) receptor subunit alpha-6)","cerebellar Golgi cell to granule cell synapse [GO:0099192]; chloride channel complex [GO:0034707]; dendrite [GO:0030425]; dendrite membrane [GO:0032590]; GABA-A receptor complex [GO:1902711]; GABA-ergic synapse [GO:0098982]; integral component of plasma membrane [GO:0005887]; integral component of postsynaptic specialization membrane [GO:0099060]; membrane [GO:0016020]; neuron projection [GO:0043005]; neuronal cell body membrane [GO:0032809]; postsynapse [GO:0098794]; postsynaptic membrane [GO:0045211]; presynaptic membrane [GO:0042734]; receptor complex [GO:0043235]; synapse [GO:0045202]; chloride channel activity [GO:0005254]; drug binding [GO:0008144]; GABA-A receptor activity [GO:0004890]; inhibitory extracellular ligand-gated ion channel activity [GO:0005237]; neurotransmitter receptor activity [GO:0030594]; protein-containing complex binding [GO:0044877]; transmitter-gated ion channel activity involved in regulation of postsynaptic membrane potential [GO:1904315]; chemical synaptic transmission [GO:0007268]; chloride transmembrane transport [GO:1902476]; gamma-aminobutyric acid signaling pathway [GO:0007214]; ion transmembrane transport [GO:0034220]; nervous system process [GO:0050877]; regulation of membrane potential [GO:0042391]; regulation of postsynaptic membrane potential [GO:0060078]; signal transduction [GO:0007165]; synaptic transmission, GABAergic [GO:0051932]"
"16","Q84L09","GONS2_ARATH","GONST2 At1g07290 F22G5.37","GDP-mannose transporter GONST2 (Protein GOLGI NUCLEOTIDE SUGAR TRANSPORTER 2)","Golgi apparatus [GO:0005794]; Golgi membrane [GO:0000139]; integral component of membrane [GO:0016021]; antiporter activity [GO:0015297]; GDP-mannose transmembrane transporter activity [GO:0005458]; transmembrane transporter activity [GO:0022857]; carbohydrate transport [GO:0008643]; GDP-mannose transmembrane transport [GO:1990570]; nucleotide-sugar transmembrane transport [GO:0015780]"
"17","A7HQX9","GCSH_PARL1","gcvH Plav_0689","Glycine cleavage system H protein","glycine cleavage complex [GO:0005960]; glycine decarboxylation via glycine cleavage system [GO:0019464]"
"18","Q6NX27","MINY3_XENTR","mindy3 carp fam188a","Ubiquitin carboxyl-terminal hydrolase MINDY-3 (EC 3.4.19.12) (Deubiquitinating enzyme MINDY-3) (Protein CARP)","nucleus [GO:0005634]; cysteine-type carboxypeptidase activity [GO:0016807]; Lys48-specific deubiquitinase activity [GO:1990380]; thiol-dependent ubiquitin-specific protease activity [GO:0004843]; apoptotic process [GO:0006915]"
"19","Q08587","FCPD_PHATR","FCPD","Fucoxanthin-chlorophyll a-c binding protein D, chloroplastic","chloroplast thylakoid membrane [GO:0009535]; integral component of membrane [GO:0016021]; light-harvesting complex [GO:0030076]; photosystem II [GO:0009523]; chlorophyll binding [GO:0016168]; photosynthesis, light harvesting [GO:0009765]; protein-chromophore linkage [GO:0018298]"
"20","Q6CW22","RL39_KLULA","RPL39 KLLA0B07592g","60S ribosomal protein L39","ribosome [GO:0005840]; structural constituent of ribosome [GO:0003735]; translation [GO:0006412]"
"21","A0JNA8","PAXI1_BOVIN","PAXIP1","PAX-interacting protein 1 (PAX transactivation activation domain-interacting protein)","chromosome [GO:0005694]; nuclear matrix [GO:0016363]; DNA recombination [GO:0006310]; DNA repair [GO:0006281]; negative regulation of DNA-binding transcription factor activity [GO:0043433]"
"22","Q6N069","NAA16_HUMAN","NAA16 NARG1L NAT2","N-alpha-acetyltransferase 16, NatA auxiliary subunit (NMDA receptor-regulated 1-like protein) (NARG1-like protein)","cytoplasm [GO:0005737]; cytosol [GO:0005829]; extracellular exosome [GO:0070062]; NatA complex [GO:0031415]; nucleus [GO:0005634]; transcription regulator complex [GO:0005667]; ribosome binding [GO:0043022]; N-terminal peptidyl-methionine acetylation [GO:0017196]; N-terminal protein amino acid acetylation [GO:0006474]; negative regulation of apoptotic process [GO:0043066]; positive regulation of transcription, DNA-templated [GO:0045893]; protein stabilization [GO:0050821]"
"23","D4ABL6","MCTP1_RAT","Mctp1","Multiple C2 and transmembrane domain-containing protein 1","endoplasmic reticulum membrane [GO:0005789]; integral component of membrane [GO:0016021]; recycling endosome [GO:0055037]; synaptic vesicle membrane [GO:0030672]; calcium ion binding [GO:0005509]; negative regulation of cell migration [GO:0030336]; negative regulation of endocytosis [GO:0045806]; negative regulation of response to oxidative stress [GO:1902883]; regulation of neuronal synaptic plasticity [GO:0048168]; regulation of neurotransmitter secretion [GO:0046928]"
"24","Q9JMB7","PIWL1_MOUSE","Piwil1 Miwi","Piwi-like protein 1 (EC 3.1.26.-)","chromatoid body [GO:0033391]; cytoplasm [GO:0005737]; cytosol [GO:0005829]; dense body [GO:0097433]; nucleus [GO:0005634]; P granule [GO:0043186]; endoribonuclease activity [GO:0004521]; metal ion binding [GO:0046872]; mRNA binding [GO:0003729]; mRNA cap binding complex binding [GO:0140262]; piRNA binding [GO:0034584]; polysome binding [GO:1905538]; protein kinase binding [GO:0019901]; single-stranded RNA binding [GO:0003727]; gene silencing by RNA [GO:0031047]; meiotic cell cycle [GO:0051321]; multicellular organism development [GO:0007275]; negative regulation of transposition [GO:0010529]; piRNA metabolic process [GO:0034587]; regulation of translation [GO:0006417]; spermatid development [GO:0007286]; spermatogenesis [GO:0007283]; spermatogenesis, exchange of chromosomal proteins [GO:0035093]"
"25","Q8VBY2","KKCC1_MOUSE","Camkk1 Camkk","Calcium/calmodulin-dependent protein kinase kinase 1 (CaM-KK 1) (CaM-kinase kinase 1) (CaMKK 1) (EC 2.7.11.17) (CaM-kinase IV kinase) (Calcium/calmodulin-dependent protein kinase kinase alpha) (CaM-KK alpha) (CaM-kinase kinase alpha) (CaMKK alpha)","cytoplasm [GO:0005737]; cytosol [GO:0005829]; nucleoplasm [GO:0005654]; ATP binding [GO:0005524]; calmodulin binding [GO:0005516]; calmodulin-dependent protein kinase activity [GO:0004683]; protein serine/threonine kinase activity [GO:0004674]; activation of protein kinase activity [GO:0032147]; intracellular signal transduction [GO:0035556]; positive regulation of protein kinase activity [GO:0045860]"
"26","A8A9H3","PANB_IGNH4","panB Igni_0392","3-methyl-2-oxobutanoate hydroxymethyltransferase (EC 2.1.2.11) (Ketopantoate hydroxymethyltransferase) (KPHMT)","cytoplasm [GO:0005737]; 3-methyl-2-oxobutanoate hydroxymethyltransferase activity [GO:0003864]; metal ion binding [GO:0046872]; coenzyme A biosynthetic process [GO:0015937]; pantothenate biosynthetic process [GO:0015940]"
"27","P54276","MSH6_MOUSE","Msh6 Gtmbp","DNA mismatch repair protein Msh6 (G/T mismatch-binding protein) (GTBP) (GTMBP) (MutS protein homolog 6) (MutS-alpha 160 kDa subunit) (p160)","cytosol [GO:0005829]; Golgi apparatus [GO:0005794]; intracellular membrane-bounded organelle [GO:0043231]; mismatch repair complex [GO:0032300]; MutSalpha complex [GO:0032301]; nuclear chromatin [GO:0000790]; nucleoplasm [GO:0005654]; nucleus [GO:0005634]; ADP binding [GO:0043531]; ATP binding [GO:0005524]; chromatin binding [GO:0003682]; damaged DNA binding [GO:0003684]; DNA binding [GO:0003677]; DNA-dependent ATPase activity [GO:0008094]; enzyme binding [GO:0019899]; four-way junction DNA binding [GO:0000400]; guanine/thymine mispair binding [GO:0032137]; magnesium ion binding [GO:0000287]; methylated histone binding [GO:0035064]; mismatched DNA binding [GO:0030983]; MutLalpha complex binding [GO:0032405]; oxidized purine DNA binding [GO:0032357]; single guanine insertion binding [GO:0032142]; single thymine insertion binding [GO:0032143]; determination of adult lifespan [GO:0008340]; DNA repair [GO:0006281]; interstrand cross-link repair [GO:0036297]; intrinsic apoptotic signaling pathway [GO:0097193]; intrinsic apoptotic signaling pathway in response to DNA damage [GO:0008630]; isotype switching [GO:0045190]; maintenance of DNA repeat elements [GO:0043570]; meiotic mismatch repair [GO:0000710]; mismatch repair [GO:0006298]; negative regulation of DNA recombination [GO:0045910]; positive regulation of helicase activity [GO:0051096]; pyrimidine dimer repair [GO:0006290]; response to UV [GO:0009411]; somatic hypermutation of immunoglobulin genes [GO:0016446]; somatic recombination of immunoglobulin gene segments [GO:0016447]"
"28","Q9S845","GONS3_ARATH","GONST3 At1g76340 F15M4.16","GDP-mannose transporter GONST3 (Protein GOLGI NUCLEOTIDE SUGAR TRANSPORTER 3)","Golgi apparatus [GO:0005794]; Golgi membrane [GO:0000139]; integral component of membrane [GO:0016021]; antiporter activity [GO:0015297]; GDP-fucose transmembrane transporter activity [GO:0005457]; nucleotide-sugar transmembrane transporter activity [GO:0005338]; transmembrane transporter activity [GO:0022857]; carbohydrate transport [GO:0008643]; nucleotide-sugar transmembrane transport [GO:0015780]"
"29","B7E7M8","LOGL9_ORYSJ","LOGL9 Os09g0547500 LOC_Os09g37540 OSJNBa0038K02.28","Probable cytokinin riboside 5'-monophosphate phosphoribohydrolase LOGL9 (EC 3.2.2.n1) (Protein LONELY GUY-like 9)","cytosol [GO:0005829]; nucleus [GO:0005634]; hydrolase activity, hydrolyzing N-glycosyl compounds [GO:0016799]; cytokinin biosynthetic process [GO:0009691]"
"30","Q9NXL9","MCM9_HUMAN","MCM9 C6orf61 MCMDC1","DNA helicase MCM9 (hMCM9) (EC 3.6.4.12) (Mini-chromosome maintenance deficient domain-containing protein 1) (Minichromosome maintenance 9)","chromosome [GO:0005694]; MCM complex [GO:0042555]; MCM8-MCM9 complex [GO:0097362]; nucleus [GO:0005634]; ATP binding [GO:0005524]; chromatin binding [GO:0003682]; DNA helicase activity [GO:0003678]; DNA replication origin binding [GO:0003688]; enzyme binding [GO:0019899]; MutLbeta complex binding [GO:0032406]; MutSalpha complex binding [GO:0032407]; MutSbeta complex binding [GO:0032408]; protein-containing complex binding [GO:0044877]; single-stranded DNA binding [GO:0003697]; cellular response to DNA damage stimulus [GO:0006974]; DNA duplex unwinding [GO:0032508]; double-strand break repair via homologous recombination [GO:0000724]; female gamete generation [GO:0007292]; mismatch repair involved in maintenance of fidelity involved in DNA-dependent DNA replication [GO:0070716]; protein localization to chromatin [GO:0071168]; recombinational interstrand cross-link repair [GO:0036298]"
"31","Q7ZVQ8","NS1BB_DANRE","ivns1abpb","Influenza virus NS1A-binding protein homolog B (NS1-BP homolog B) (NS1-binding protein homolog B)","cytoplasm [GO:0005737]; cytoskeleton [GO:0005856]; nucleus [GO:0005634]"
"32","O81852","AKH2_ARATH","AKHSDH2 AK-HSDH II At4g19710 T16H5.70","Bifunctional aspartokinase/homoserine dehydrogenase 2, chloroplastic (AK-HD 2) (AK-HSDH 2) (Beta-aspartyl phosphate homoserine 2) [Includes: Aspartokinase (EC 2.7.2.4); Homoserine dehydrogenase (EC 1.1.1.3)]","chloroplast [GO:0009507]; chloroplast stroma [GO:0009570]; aspartate kinase activity [GO:0004072]; ATP binding [GO:0005524]; homoserine dehydrogenase activity [GO:0004412]; NADP binding [GO:0050661]; aspartate family amino acid biosynthetic process [GO:0009067]; homoserine biosynthetic process [GO:0009090]; lysine biosynthetic process via diaminopimelate [GO:0009089]; methionine biosynthetic process [GO:0009086]; threonine biosynthetic process [GO:0009088]"
"33","A0A383ZFX3","ASAH1_BALAS","ASAH1","Acid ceramidase (AC) (ACDase) (Acid CDase) (EC 3.5.1.23) (Acylsphingosine deacylase) (N-acylethanolamine hydrolase ASAH1) (EC 3.5.1.-) (N-acylsphingosine amidohydrolase) [Cleaved into: Acid ceramidase subunit alpha; Acid ceramidase subunit beta]","extracellular region [GO:0005576]; lysosome [GO:0005764]; ceramidase activity [GO:0102121]; N-acylsphingosine amidohydrolase activity [GO:0017040]; sphingolipid metabolic process [GO:0006665]"
"34","B2XTU9","RK5_HETA4","rpl5 Heak452_Cp134","50S ribosomal protein L5, chloroplastic","chloroplast [GO:0009507]; ribosome [GO:0005840]; rRNA binding [GO:0019843]; structural constituent of ribosome [GO:0003735]; translation [GO:0006412]"
"35","P39023","RL3_HUMAN","RPL3 OK/SW-cl.32","60S ribosomal protein L3 (HIV-1 TAR RNA-binding protein B) (TARBP-B) (Large ribosomal subunit protein uL3)","cytoplasm [GO:0005737]; cytosol [GO:0005829]; cytosolic large ribosomal subunit [GO:0022625]; extracellular exosome [GO:0070062]; focal adhesion [GO:0005925]; nucleolus [GO:0005730]; nucleus [GO:0005634]; protein-containing complex [GO:0032991]; synapse [GO:0045202]; 5S rRNA binding [GO:0008097]; RNA binding [GO:0003723]; structural constituent of ribosome [GO:0003735]; cellular response to interleukin-4 [GO:0071353]; nuclear-transcribed mRNA catabolic process, nonsense-mediated decay [GO:0000184]; ribosomal large subunit assembly [GO:0000027]; SRP-dependent cotranslational protein targeting to membrane [GO:0006614]; translation [GO:0006412]; translational initiation [GO:0006413]; viral transcription [GO:0019083]"
"36","Q9Y2J0","RP3A_HUMAN","RPH3A KIAA0985","Rabphilin-3A (Exophilin-1)","cytosol [GO:0005829]; dendritic spine [GO:0043197]; extrinsic component of membrane [GO:0019898]; neuron projection [GO:0043005]; postsynaptic membrane [GO:0045211]; protein-containing complex [GO:0032991]; secretory granule [GO:0030141]; synapse [GO:0045202]; synaptic vesicle [GO:0008021]; synaptic vesicle membrane [GO:0030672]; calcium ion binding [GO:0005509]; calcium-dependent phospholipid binding [GO:0005544]; inositol 1,4,5 trisphosphate binding [GO:0070679]; phosphate ion binding [GO:0042301]; phosphatidylinositol phosphate binding [GO:1901981]; phosphatidylinositol-4,5-bisphosphate binding [GO:0005546]; protein-containing complex binding [GO:0044877]; Rab GTPase binding [GO:0017137]; selenium binding [GO:0008430]; zinc ion binding [GO:0008270]; intracellular protein transport [GO:0006886]; spontaneous neurotransmitter secretion [GO:0061669]"
"37","P07237","PDIA1_HUMAN","P4HB ERBA2L PDI PDIA1 PO4DB","Protein disulfide-isomerase (PDI) (EC 5.3.4.1) (Cellular thyroid hormone-binding protein) (Prolyl 4-hydroxylase subunit beta) (p55)","cytoskeleton [GO:0005856]; cytosol [GO:0005829]; endoplasmic reticulum [GO:0005783]; endoplasmic reticulum chaperone complex [GO:0034663]; endoplasmic reticulum lumen [GO:0005788]; endoplasmic reticulum-Golgi intermediate compartment [GO:0005793]; external side of plasma membrane [GO:0009897]; extracellular exosome [GO:0070062]; extracellular region [GO:0005576]; focal adhesion [GO:0005925]; lamellipodium [GO:0030027]; melanosome [GO:0042470]; procollagen-proline 4-dioxygenase complex [GO:0016222]; protein-containing complex [GO:0032991]; actin binding [GO:0003779]; enzyme binding [GO:0019899]; integrin binding [GO:0005178]; peptide disulfide oxidoreductase activity [GO:0015037]; procollagen-proline 4-dioxygenase activity [GO:0004656]; protein disulfide isomerase activity [GO:0003756]; protein heterodimerization activity [GO:0046982]; RNA binding [GO:0003723]; cell redox homeostasis [GO:0045454]; cellular protein metabolic process [GO:0044267]; cellular response to hypoxia [GO:0071456]; cellular response to interleukin-7 [GO:0098761]; chylomicron assembly [GO:0034378]; interleukin-12-mediated signaling pathway [GO:0035722]; interleukin-23-mediated signaling pathway [GO:0038155]; peptidyl-proline hydroxylation to 4-hydroxy-L-proline [GO:0018401]; positive regulation of cell adhesion [GO:0045785]; positive regulation of substrate adhesion-dependent cell spreading [GO:1900026]; positive regulation of viral entry into host cell [GO:0046598]; post-translational protein modification [GO:0043687]; protein folding [GO:0006457]; regulation of oxidative stress-induced intrinsic apoptotic signaling pathway [GO:1902175]; response to endoplasmic reticulum stress [GO:0034976]; very-low-density lipoprotein particle assembly [GO:0034379]"
"38","Q8NWM8","RS1_STAAW","rpsA MW1365","30S ribosomal protein S1","ribosome [GO:0005840]; RNA binding [GO:0003723]"
"39","A8AJF8","RIHA_CITK8","rihA CKO_02512","Pyrimidine-specific ribonucleoside hydrolase RihA (EC 3.2.-.-) (Cytidine/uridine-specific hydrolase)","uridine nucleosidase activity [GO:0045437]; nucleobase-containing small molecule interconversion [GO:0015949]; pyrimidine nucleobase metabolic process [GO:0006206]"
"40","Q9F7P4","PRRG_PRB01","","Green-light absorbing proteorhodopsin (GPR)","integral component of membrane [GO:0016021]; plasma membrane [GO:0005886]; light-activated ion channel activity [GO:0010461]; photoreceptor activity [GO:0009881]; phototransduction [GO:0007602]; protein-chromophore linkage [GO:0018298]"
"41","Q9T0D6","PP306_ARATH","At4g11690 T5C23.120","Pentatricopeptide repeat-containing protein At4g11690","mitochondrion [GO:0005739]; mitochondrial mRNA modification [GO:0080156]; response to abscisic acid [GO:0009737]"
"42","Q8X8J3","RLUC_ECO57","rluC Z1725 ECs1464","Ribosomal large subunit pseudouridine synthase C (EC 5.4.99.24) (23S rRNA pseudouridine(955/2504/2580) synthase) (rRNA pseudouridylate synthase C) (rRNA-uridine isomerase C)","RNA binding [GO:0003723]; rRNA pseudouridine synthase activity [GO:0120159]; pseudouridine synthesis [GO:0001522]; rRNA processing [GO:0006364]"
"43","Q5Z9E2","NIP14_ORYSJ","NIP1-4 Os06g0552700 LOC_Os06g35930 P0427B07.13","Aquaporin NIP1-4 (NOD26-like intrinsic protein 1-4) (OsNIP1;4)","integral component of membrane [GO:0016021]; channel activity [GO:0015267]"
"44","A0JM51","CELF5_XENTR","celf5 brunol5","CUGBP Elav-like family member 5 (CELF-5) (Bruno-like protein 5) (CUG-BP- and ETR-3-like factor 5) (RNA-binding protein BRUNOL-5)","cytoplasm [GO:0005737]; nucleus [GO:0005634]; ribonucleoprotein complex [GO:1990904]; mRNA binding [GO:0003729]; RNA binding [GO:0003723]; mRNA splice site selection [GO:0006376]; regulation of alternative mRNA splicing, via spliceosome [GO:0000381]"
"45","O43290","SNUT1_HUMAN","SART1","U4/U6.U5 tri-snRNP-associated protein 1 (SNU66 homolog) (hSnu66) (Squamous cell carcinoma antigen recognized by T-cells 1) (SART-1) (hSART-1) (U4/U6.U5 tri-snRNP-associated 110 kDa protein) (allergen Hom s 1)","Cajal body [GO:0015030]; catalytic step 2 spliceosome [GO:0071013]; cytoplasm [GO:0005737]; cytosol [GO:0005829]; Golgi apparatus [GO:0005794]; nuclear speck [GO:0016607]; nucleoplasm [GO:0005654]; nucleus [GO:0005634]; U2-type precatalytic spliceosome [GO:0071005]; U4/U6 x U5 tri-snRNP complex [GO:0046540]; RNA binding [GO:0003723]; maturation of 5S rRNA [GO:0000481]; mRNA cis splicing, via spliceosome [GO:0045292]; mRNA splicing, via spliceosome [GO:0000398]; positive regulation of cytotoxic T cell differentiation [GO:0045585]; spliceosomal snRNP assembly [GO:0000387]"
"46","O82390","ANTR1_ARATH","ANTR1 PHT4;1 At2g29650 T27A16.25","Sodium-dependent phosphate transport protein 1, chloroplastic (Anion transporter 1) (Na(+)/PI cotransporter 1) (Phosphate transporter PHT4;1) (Sodium/phosphate cotransporter 1)","chloroplast thylakoid membrane [GO:0009535]; integral component of membrane [GO:0016021]; thylakoid [GO:0009579]; inorganic phosphate transmembrane transporter activity [GO:0005315]; symporter activity [GO:0015293]; response to light stimulus [GO:0009416]; response to nematode [GO:0009624]; sodium ion transport [GO:0006814]"
"47","B9DMT8","GATA_STACT","gatA Sca_1472","Glutamyl-tRNA(Gln) amidotransferase subunit A (Glu-ADT subunit A) (EC 6.3.5.7)","glutamyl-tRNA(Gln) amidotransferase complex [GO:0030956]; ATP binding [GO:0005524]; glutaminyl-tRNA synthase (glutamine-hydrolyzing) activity [GO:0050567]; hydrolase activity [GO:0016787]; translation [GO:0006412]"
"48","Q7U3C4","DNAK2_SYNPX","dnaK2 SYNW2508","Chaperone protein dnaK2 (HSP70-2) (Heat shock 70 kDa protein 2) (Heat shock protein 70-2)","ATP binding [GO:0005524]; unfolded protein binding [GO:0051082]; protein folding [GO:0006457]"
"49","Q9LSQ5","FQR1_ARATH","FQR1 At5g54500 F24B18.12","NAD(P)H dehydrogenase (quinone) FQR1 (EC 1.6.5.2) (Flavodoxin-like quinone reductase 1)","plasma membrane [GO:0005886]; FMN binding [GO:0010181]; NAD(P)H dehydrogenase (quinone) activity [GO:0003955]; cellular response to auxin stimulus [GO:0071365]; oxidation-reduction process [GO:0055114]"
"50","A8ISN6","ARL3_CHLRE","ARL3 CHLREDRAFT_128761","ADP-ribosylation factor-like protein 3","Golgi membrane [GO:0000139]; nucleus [GO:0005634]; spindle [GO:0005819]; GTP binding [GO:0005525]; cell cycle [GO:0007049]; cell division [GO:0051301]; protein transport [GO:0015031]"
"51","Q9STL4","CEP2_ARATH","CEP2 At3g48340 T29H11.140","KDEL-tailed cysteine endopeptidase CEP2 (EC 3.4.22.-)","endoplasmic reticulum [GO:0005783]; extracellular space [GO:0005615]; lysosome [GO:0005764]; cysteine-type endopeptidase activity [GO:0004197]; proteolysis involved in cellular protein catabolic process [GO:0051603]"
"52","P32321","DCTD_HUMAN","DCTD","Deoxycytidylate deaminase (EC 3.5.4.12) (dCMP deaminase)","cytosol [GO:0005829]; dCMP deaminase activity [GO:0004132]; identical protein binding [GO:0042802]; zinc ion binding [GO:0008270]; dTMP biosynthetic process [GO:0006231]; dUMP biosynthetic process [GO:0006226]; nucleobase-containing small molecule interconversion [GO:0015949]; pyrimidine nucleotide metabolic process [GO:0006220]"
"53","Q5AFH3","FEX1_CANAL","FEX1 CAALFM_C700270WA CaO19.7095 orf19.7095","Fluoride export protein 1","integral component of plasma membrane [GO:0005887]; fluoride transmembrane transporter activity [GO:1903425]; fluoride transmembrane transport [GO:1903424]"
"54","O44017","ERD2_ENTHI","ERD2","ER lumen protein-retaining receptor","endoplasmic reticulum membrane [GO:0005789]; integral component of membrane [GO:0016021]; ER retention sequence binding [GO:0046923]; protein retention in ER lumen [GO:0006621]; protein transport [GO:0015031]; vesicle-mediated transport [GO:0016192]"
"55","P13803","ETFA_RAT","Etfa","Electron transfer flavoprotein subunit alpha, mitochondrial (Alpha-ETF)","mitochondrial matrix [GO:0005759]; mitochondrion [GO:0005739]; electron transfer activity [GO:0009055]; flavin adenine dinucleotide binding [GO:0050660]; oxidoreductase activity [GO:0016491]; fatty acid beta-oxidation using acyl-CoA dehydrogenase [GO:0033539]"
"56","O33529","DNAJ_RHILE","dnaJ","Chaperone protein DnaJ (Fragment)","cytoplasm [GO:0005737]; heat shock protein binding [GO:0031072]; metal ion binding [GO:0046872]; unfolded protein binding [GO:0051082]; DNA replication [GO:0006260]; protein folding [GO:0006457]"
"57","F4I1L3","ACC2_ARATH","ACC2 At1g36180 F15C21.2","Acetyl-CoA carboxylase 2 (EC 6.4.1.2) [Includes: Biotin carboxylase (EC 6.3.4.14)]","cytosol [GO:0005829]; acetyl-CoA carboxylase activity [GO:0003989]; ATP binding [GO:0005524]; biotin carboxylase activity [GO:0004075]; metal ion binding [GO:0046872]; fatty acid biosynthetic process [GO:0006633]; malonyl-CoA biosynthetic process [GO:2001295]"
"58","Q9SBN3","UCRIA_VOLCA","petC","Cytochrome b6-f complex iron-sulfur subunit, chloroplastic (EC 7.1.1.6) (Plastohydroquinone:plastocyanin oxidoreductase iron-sulfur protein) (Rieske iron-sulfur protein) (ISP) (RISP)","chloroplast thylakoid membrane [GO:0009535]; integral component of membrane [GO:0016021]; 2 iron, 2 sulfur cluster binding [GO:0051537]; metal ion binding [GO:0046872]; oxidation-reduction process [GO:0055114]"
"59","P48495","TPIS_PETHY","TPIP1","Triosephosphate isomerase, cytosolic (TIM) (Triose-phosphate isomerase) (EC 5.3.1.1)","cytoplasm [GO:0005737]; triose-phosphate isomerase activity [GO:0004807]; gluconeogenesis [GO:0006094]; glycolytic process [GO:0006096]"
"60","F1QX91","ZD23B_DANRE","zdhhc23b","Palmitoyltransferase ZDHHC23-B (EC 2.3.1.225) (Zinc finger DHHC domain-containing protein 23-B)","endoplasmic reticulum [GO:0005783]; Golgi apparatus [GO:0005794]; integral component of membrane [GO:0016021]; protein-cysteine S-palmitoyltransferase activity [GO:0019706]; peptidyl-L-cysteine S-palmitoylation [GO:0018230]; protein targeting to membrane [GO:0006612]"
"61","P30181","TOP1A_ARATH","TOP1A FAS5 MGO1 TOP1 TOP1ALPHA At5g55300 MTE17.1","DNA topoisomerase 1 alpha (EC 5.6.2.1) (DNA topoisomerase 1) (DNA topoisomerase I) (Protein FASCIATA 5) (Protein MGOUN1)","nucleolus [GO:0005730]; nucleus [GO:0005634]; replication fork protection complex [GO:0031298]; DNA binding [GO:0003677]; DNA topoisomerase type I (single strand cut, ATP-independent) activity [GO:0003917]; chromatin remodeling [GO:0006338]; chromosome segregation [GO:0007059]; DNA replication [GO:0006260]; DNA topological change [GO:0006265]"
"62","Q9P792","YN8B_SCHPO","SPBP35G2.11c","ZZ-type zinc finger-containing protein P35G2.11c","fungal-type vacuole lumen [GO:0000328]; Golgi apparatus [GO:0005794]; multivesicular body [GO:0005771]; NVT complex [GO:0061957]; cargo receptor activity [GO:0038024]; zinc ion binding [GO:0008270]; cytoplasm to vacuole transport by the NVT pathway [GO:0120113]"
"63","Q8H1Q1","TL203_ARATH","TL20.3 At1g12250 T28K15.2","Thylakoid lumenal protein TL20.3, chloroplastic","chloroplast [GO:0009507]; chloroplast thylakoid [GO:0009534]; chloroplast thylakoid lumen [GO:0009543]; chloroplast thylakoid membrane [GO:0009535]; extracellular region [GO:0005576]; thylakoid [GO:0009579]"
"64","Q7RBT0","RSSA_PLAYO","PY06059","40S ribosomal protein SA","cytosolic small ribosomal subunit [GO:0022627]; structural constituent of ribosome [GO:0003735]; ribosomal small subunit assembly [GO:0000028]; translation [GO:0006412]"
"65","P36514","UD2C1_RABIT","UGT2C1 UGT2A2","UDP-glucuronosyltransferase 2C1 (UDPGT 2C1) (EC 2.4.1.17) (Fragment)","endoplasmic reticulum membrane [GO:0005789]; integral component of membrane [GO:0016021]; glucuronosyltransferase activity [GO:0015020]"
"66","Q04462","SYVC_RAT","Vars1 Vars Vars2","Valine--tRNA ligase (EC 6.1.1.9) (Valyl-tRNA synthetase) (ValRS)","cytosol [GO:0005829]; aminoacyl-tRNA editing activity [GO:0002161]; ATP binding [GO:0005524]; valine-tRNA ligase activity [GO:0004832]; tRNA aminoacylation for protein translation [GO:0006418]; valyl-tRNA aminoacylation [GO:0006438]"
"67","Q9LT78","RD21C_ARATH","RD21C At3g19390 MLD14.12","Probable cysteine protease RD21C (EC 3.4.22.-)","extracellular space [GO:0005615]; lysosome [GO:0005764]; cysteine-type endopeptidase activity [GO:0004197]; proteolysis involved in cellular protein catabolic process [GO:0051603]"
"68","O43395","PRPF3_HUMAN","PRPF3 HPRP3 PRP3","U4/U6 small nuclear ribonucleoprotein Prp3 (Pre-mRNA-splicing factor 3) (hPrp3) (U4/U6 snRNP 90 kDa protein)","Cajal body [GO:0015030]; cytosol [GO:0005829]; nuclear speck [GO:0016607]; nucleoplasm [GO:0005654]; nucleus [GO:0005634]; spliceosomal complex [GO:0005681]; U2-type precatalytic spliceosome [GO:0071005]; U4/U6 x U5 tri-snRNP complex [GO:0046540]; identical protein binding [GO:0042802]; RNA binding [GO:0003723]; mRNA processing [GO:0006397]; mRNA splicing, via spliceosome [GO:0000398]; RNA splicing [GO:0008380]; RNA splicing, via transesterification reactions [GO:0000375]; spliceosomal tri-snRNP complex assembly [GO:0000244]"
"69","Q87YQ1","SYQ_PSESM","glnS PSPTO_3743","Glutamine--tRNA ligase (EC 6.1.1.18) (Glutaminyl-tRNA synthetase) (GlnRS)","cytoplasm [GO:0005737]; ATP binding [GO:0005524]; glutamine-tRNA ligase activity [GO:0004819]; glutaminyl-tRNA aminoacylation [GO:0006425]; glutamyl-tRNA aminoacylation [GO:0006424]"
"70","Q9SKC1","U74C1_ARATH","UGT74C1 At2g31790 F20M17.17","UDP-glycosyltransferase 74C1 (EC 2.4.1.-)","peroxisome [GO:0005777]; quercetin 3-O-glucosyltransferase activity [GO:0080043]; quercetin 7-O-glucosyltransferase activity [GO:0080044]"
"71","Q9ZVX5","PP156_ARATH","At2g16880 F12A24.6","Pentatricopeptide repeat-containing protein At2g16880",""
"72","O17071","PRS10_CAEEL","rpt-4 F23F1.8","Probable 26S proteasome regulatory subunit 10B (26S proteasome AAA-ATPase subunit rpt-4) (Proteasome regulatory particle ATPase-like protein 4)","cytosolic proteasome complex [GO:0031597]; nucleus [GO:0005634]; proteasome regulatory particle, base subcomplex [GO:0008540]; ATP binding [GO:0005524]; ATPase activity [GO:0016887]; identical protein binding [GO:0042802]; positive regulation of RNA polymerase II transcription preinitiation complex assembly [GO:0045899]; proteasome-mediated ubiquitin-dependent protein catabolic process [GO:0043161]; regulation of protein stability [GO:0031647]; ubiquitin-dependent ERAD pathway [GO:0030433]"
"73","P74306","ZDS_SYNY3","crtQ slr0940","Zeta-carotene desaturase (EC 1.3.5.6) (9,9'-di-cis-zeta-carotene desaturase) (Carotene 7,8-desaturase)","7,9,9'-tricis-neurosporene:quinone oxidoreductase activity [GO:0052887]; 9,9'-dicis-carotene:quinone oxidoreductase activity [GO:0052886]; carotene 7,8-desaturase activity [GO:0016719]; oxidoreductase activity [GO:0016491]; carotene biosynthetic process [GO:0016120]; carotenoid biosynthetic process [GO:0016117]"
"74","Q90YS0","RS4_ICTPU","rps4","40S ribosomal protein S4","ribosome [GO:0005840]; rRNA binding [GO:0019843]; structural constituent of ribosome [GO:0003735]; translation [GO:0006412]"
"75","Q2YDI7","TEKT5_BOVIN","TEKT5","Tektin-5","motile cilium [GO:0031514]"
"76","Q9ZU75","UB12L_ARATH","RCE2 At2g18600 F24H14.5","Probable NEDD8-conjugating enzyme Ubc12-like (EC 2.3.2.-) (RUB1 carrier protein 2) (RUB1-conjugating enzyme 2)","nucleus [GO:0005634]; ATP binding [GO:0005524]; NEDD8 transferase activity [GO:0019788]; ubiquitin conjugating enzyme activity [GO:0061631]; protein neddylation [GO:0045116]; protein polyubiquitination [GO:0000209]"
"77","Q5XIP9","TMM43_RAT","Tmem43","Transmembrane protein 43 (Protein LUMA)","endoplasmic reticulum lumen [GO:0005788]; Golgi apparatus [GO:0005794]; integral component of nuclear inner membrane [GO:0005639]; membrane [GO:0016020]; nuclear inner membrane [GO:0005637]; protein self-association [GO:0043621]; nuclear membrane organization [GO:0071763]"
"78","D9HP19","CNR3_MAIZE","CNR3","Cell number regulator 3 (ZmCNR03)","integral component of membrane [GO:0016021]"
"79","Q94HF1","EIF3K_ORYSJ","TIF3K1 Os03g0182700 LOC_Os03g08450 OsJ_09669 OSJNBa0032G08.17","Eukaryotic translation initiation factor 3 subunit K (eIF3k) (eIF-3 p25)","cytosol [GO:0005829]; eukaryotic 43S preinitiation complex [GO:0016282]; eukaryotic 48S preinitiation complex [GO:0033290]; eukaryotic translation initiation factor 3 complex [GO:0005852]; ribosome binding [GO:0043022]; translation initiation factor activity [GO:0003743]; formation of cytoplasmic translation initiation complex [GO:0001732]; regulation of translational initiation [GO:0006446]"
"80","B4FHY0","FEN1_MAIZE","FEN1","Flap endonuclease 1 (FEN-1) (EC 3.1.-.-) (Flap structure-specific endonuclease 1)","mitochondrion [GO:0005739]; nucleolus [GO:0005730]; nucleoplasm [GO:0005654]; 5'-3' exonuclease activity [GO:0008409]; 5'-flap endonuclease activity [GO:0017108]; DNA binding [GO:0003677]; flap endonuclease activity [GO:0048256]; magnesium ion binding [GO:0000287]; base-excision repair [GO:0006284]; DNA replication [GO:0006260]; DNA replication, removal of RNA primer [GO:0043137]"
"81","B6SZW0","DCVR_MAIZE","DVR PCB2","Divinyl chlorophyllide a 8-vinyl-reductase, chloroplastic (EC 1.3.1.75)","chloroplast envelope [GO:0009941]; chloroplast thylakoid [GO:0009534]; 3,8-divinyl protochlorophyllide a 8-vinyl reductase activity [GO:0051744]; divinyl chlorophyllide a 8-vinyl-reductase activity [GO:0033728]; chlorophyll biosynthetic process [GO:0015995]"
"82","Q9SLA8","FABI_ARATH","MOD1 ENR-A ENR1 At2g05990 T6P5.19","Enoyl-[acyl-carrier-protein] reductase [NADH], chloroplastic (ENR) (EC 1.3.1.9) (NADH-dependent enoyl-ACP reductase 1) (Protein MOSAIC DEATH 1)","chloroplast [GO:0009507]; chloroplast envelope [GO:0009941]; chloroplast stroma [GO:0009570]; fatty acid synthase complex [GO:0005835]; mitochondrion [GO:0005739]; thylakoid [GO:0009579]; copper ion binding [GO:0005507]; enoyl-[acyl-carrier-protein] reductase (NADH) activity [GO:0004318]; enoyl-[acyl-carrier-protein] reductase activity [GO:0016631]; fatty acid biosynthetic process [GO:0006633]"
"83","Q8VHE6","DYH5_MOUSE","Dnah5 Dnahc5","Dynein heavy chain 5, axonemal (Axonemal beta dynein heavy chain 5) (mDNAH5) (Ciliary dynein heavy chain 5)","9+2 motile cilium [GO:0097729]; axonemal dynein complex [GO:0005858]; axoneme [GO:0005930]; cytoplasm [GO:0005737]; dynein complex [GO:0030286]; microtubule [GO:0005874]; motile cilium [GO:0031514]; outer dynein arm [GO:0036157]; ATP binding [GO:0005524]; ATP-dependent microtubule motor activity, minus-end-directed [GO:0008569]; dynein intermediate chain binding [GO:0045505]; dynein light intermediate chain binding [GO:0051959]; microtubule motor activity [GO:0003777]; cilium assembly [GO:0060271]; cilium movement [GO:0003341]; determination of left/right symmetry [GO:0007368]; flagellated sperm motility [GO:0030317]; heart development [GO:0007507]; lateral ventricle development [GO:0021670]; microtubule-based movement [GO:0007018]; outer dynein arm assembly [GO:0036158]"
"84","Q5R9Z6","ELAV2_PONAB","ELAVL2","ELAV-like protein 2","ribonucleoprotein complex [GO:1990904]; RNA binding [GO:0003723]"
"85","Q5XIA0","DZI1L_RAT","Dzip1l","Zinc finger protein DZIP1L (DAZ-interacting protein 1-like protein)","axoneme [GO:0005930]; centriole [GO:0005814]; ciliary basal body [GO:0036064]; cytoplasm [GO:0005737]; metal ion binding [GO:0046872]; ciliary transition zone assembly [GO:1905349]; cilium assembly [GO:0060271]; floor plate development [GO:0033504]; neural tube patterning [GO:0021532]; protein localization to cilium [GO:0061512]; protein localization to organelle [GO:0033365]; regulation of protein localization [GO:0032880]; smoothened signaling pathway [GO:0007224]"
"86","Q9JK82","EXT1_CRIGR","EXT1","Exostosin-1 (EC 2.4.1.224) (EC 2.4.1.225) (Heparan sulfate copolymerase) (Multiple exostoses protein 1 homolog)","Golgi membrane [GO:0000139]; integral component of endoplasmic reticulum membrane [GO:0030176]; glucuronosyl-N-acetylglucosaminyl-proteoglycan 4-alpha-N-acetylglucosaminyltransferase activity [GO:0050508]; metal ion binding [GO:0046872]; N-acetylglucosaminyl-proteoglycan 4-beta-glucuronosyltransferase activity [GO:0050509]; protein heterodimerization activity [GO:0046982]; protein homodimerization activity [GO:0042803]; axon guidance [GO:0007411]; basement membrane organization [GO:0071711]; canonical Wnt signaling pathway [GO:0060070]; cell adhesion [GO:0007155]; cell fate commitment [GO:0045165]; cell population proliferation [GO:0008283]; chondrocyte differentiation [GO:0002062]; collagen fibril organization [GO:0030199]; developmental growth involved in morphogenesis [GO:0060560]; embryonic skeletal joint development [GO:0072498]; endochondral bone growth [GO:0003416]; endoderm development [GO:0007492]; fear response [GO:0042596]; fibroblast growth factor receptor signaling pathway [GO:0008543]; fluid transport [GO:0042044]; gastrulation [GO:0007369]; gene expression [GO:0010467]; glomerular basement membrane development [GO:0032836]; glomerular visceral epithelial cell differentiation [GO:0072112]; heart contraction [GO:0060047]; heparan sulfate proteoglycan biosynthetic process [GO:0015012]; heparan sulfate proteoglycan biosynthetic process, polysaccharide chain biosynthetic process [GO:0015014]; heparin biosynthetic process [GO:0030210]; mesoderm development [GO:0007498]; motor behavior [GO:0061744]; multicellular organismal water homeostasis [GO:0050891]; olfactory bulb development [GO:0021772]; ossification [GO:0001503]; perichondral bone morphogenesis [GO:0061974]; protein glycosylation [GO:0006486]; regulation of blood pressure [GO:0008217]; response to leukemia inhibitory factor [GO:1990823]; response to light intensity [GO:0009642]; response to virus [GO:0009615]; smoothened signaling pathway [GO:0007224]; social behavior [GO:0035176]; sodium ion homeostasis [GO:0055078]; stem cell division [GO:0017145]; synaptic transmission, glutamatergic [GO:0035249]; tight junction organization [GO:0120193]; vacuole organization [GO:0007033]; vasodilation [GO:0042311]; vocalization behavior [GO:0071625]; wound healing [GO:0042060]"
"87","P53619","COPD_BOVIN","ARCN1 COPD","Coatomer subunit delta (Archain) (Delta-coat protein) (Delta-COP)","COPI vesicle coat [GO:0030126]; COPI-coated vesicle [GO:0030137]; cytosol [GO:0005829]; endoplasmic reticulum [GO:0005783]; Golgi membrane [GO:0000139]; adult locomotory behavior [GO:0008344]; cerebellar Purkinje cell layer maturation [GO:0021691]; endoplasmic reticulum to Golgi vesicle-mediated transport [GO:0006888]; Golgi localization [GO:0051645]; intra-Golgi vesicle-mediated transport [GO:0006891]; pigmentation [GO:0043473]; protein transport [GO:0015031]; retrograde vesicle-mediated transport, Golgi to endoplasmic reticulum [GO:0006890]"
"88","P69326","UBIQ_WHEAT","","Ubiquitin","cytoplasm [GO:0005737]; nucleus [GO:0005634]"
"89","Q5UP50","YR588_MIMIV","MIMI_R588","Uncharacterized protein R588",""
"90","O95801","TTC4_HUMAN","TTC4 My044","Tetratricopeptide repeat protein 4 (TPR repeat protein 4)","cytoplasm [GO:0005737]; nucleoplasm [GO:0005654]; nucleus [GO:0005634]; defense response to virus [GO:0051607]; innate immune response [GO:0045087]"
"91","Q5F457","WBP4_CHICK","WBP4 RCJMB04_3a20","WW domain-binding protein 4 (WBP-4)","nuclear speck [GO:0016607]; nucleus [GO:0005634]; precatalytic spliceosome [GO:0071011]; U2-type precatalytic spliceosome [GO:0071005]; RNA binding [GO:0003723]; zinc ion binding [GO:0008270]; mRNA splicing, via spliceosome [GO:0000398]; RNA splicing [GO:0008380]"
"92","Q8BWR4","UBP40_MOUSE","Usp40","Ubiquitin carboxyl-terminal hydrolase 40 (EC 3.4.19.12) (Deubiquitinating enzyme 40) (Ubiquitin thioesterase 40) (Ubiquitin-specific-processing protease 40)","cytosol [GO:0005829]; nucleus [GO:0005634]; cysteine-type endopeptidase activity [GO:0004197]; thiol-dependent ubiquitin-specific protease activity [GO:0004843]; protein deubiquitination [GO:0016579]; regulation of protein stability [GO:0031647]; ubiquitin-dependent protein catabolic process [GO:0006511]"
"93","A5GFW1","AURKA_PIG","AURKA AIK AIRK1 ARK1 AURA AYK1 BTAK IAK1 STK15 STK6","Aurora kinase A (EC 2.7.11.1) (Aurora 2) (Aurora/IPL1-related kinase 1) (ARK-1) (Aurora-related kinase 1) (Serine/threonine-protein kinase 15) (Serine/threonine-protein kinase 6) (Serine/threonine-protein kinase aurora-A)","centriole [GO:0005814]; centrosome [GO:0005813]; chromosome passenger complex [GO:0032133]; cilium [GO:0005929]; condensed nuclear chromosome, centromeric region [GO:0000780]; cytoplasm [GO:0005737]; mitotic spindle pole [GO:0097431]; neuron projection [GO:0043005]; spindle microtubule [GO:0005876]; spindle midzone [GO:0051233]; spindle pole centrosome [GO:0031616]; ATP binding [GO:0005524]; histone serine kinase activity [GO:0035174]; protein kinase activity [GO:0004672]; cell division [GO:0051301]; cell projection organization [GO:0030030]; meiotic spindle organization [GO:0000212]; mitotic centrosome separation [GO:0007100]; mitotic spindle organization [GO:0007052]; positive regulation of meiotic cell cycle process involved in oocyte maturation [GO:1904146]; positive regulation of translation [GO:0045727]; regulation of cytokinesis [GO:0032465]"
"94","P00171","CYB5_BOVIN","CYB5A CYB5","Cytochrome b5","cytosol [GO:0005829]; endoplasmic reticulum [GO:0005783]; endoplasmic reticulum membrane [GO:0005789]; integral component of membrane [GO:0016021]; intracellular membrane-bounded organelle [GO:0043231]; membrane [GO:0016020]; electron transfer activity [GO:0009055]; enzyme binding [GO:0019899]; heme binding [GO:0020037]; metal ion binding [GO:0046872]"
"95","Q8C7E9","CSTFT_MOUSE","Cstf2t Kiaa0689","Cleavage stimulation factor subunit 2 tau variant (CF-1 64 kDa subunit tau variant) (Cleavage stimulation factor 64 kDa subunit tau variant) (CSTF 64 kDa subunit tau variant) (TauCstF-64)","intracellular membrane-bounded organelle [GO:0043231]; mRNA cleavage and polyadenylation specificity factor complex [GO:0005847]; nucleoplasm [GO:0005654]; mRNA binding [GO:0003729]; RNA binding [GO:0003723]; mRNA polyadenylation [GO:0006378]; pre-mRNA cleavage required for polyadenylation [GO:0098789]"
"96","Q4G1G8","CH25H_PIG","CH25H","Cholesterol 25-hydroxylase (EC 1.14.99.38) (Cholesterol 25-monooxygenase)","endoplasmic reticulum membrane [GO:0005789]; integral component of membrane [GO:0016021]; membrane [GO:0016020]; C-4 methylsterol oxidase activity [GO:0000254]; cholesterol 25-hydroxylase activity [GO:0001567]; iron ion binding [GO:0005506]; oxidoreductase activity [GO:0016491]; steroid hydroxylase activity [GO:0008395]; B cell chemotaxis [GO:0035754]; cholesterol metabolic process [GO:0008203]; sterol biosynthetic process [GO:0016126]"
"97","Q9R1T3","CATZ_RAT","Ctsz Ctsy","Cathepsin Z (EC 3.4.18.1) (Cathepsin Y)","cell cortex region [GO:0099738]; cell surface [GO:0009986]; cytoplasmic vesicle [GO:0031410]; endoplasmic reticulum [GO:0005783]; extracellular space [GO:0005615]; growth cone [GO:0030426]; lysosome [GO:0005764]; carboxypeptidase activity [GO:0004180]; cysteine-type endopeptidase activity [GO:0004197]; epithelial tube branching involved in lung morphogenesis [GO:0060441]; negative regulation of neuron projection development [GO:0010977]; negative regulation of plasminogen activation [GO:0010757]; negative regulation of protein binding [GO:0032091]; positive regulation of neural precursor cell proliferation [GO:2000179]; positive regulation of neuron apoptotic process [GO:0043525]; proteolysis [GO:0006508]; proteolysis involved in cellular protein catabolic process [GO:0051603]; regulation of neuron death [GO:1901214]"
"98","Q8BIQ5","CSTF2_MOUSE","Cstf2","Cleavage stimulation factor subunit 2 (CF-1 64 kDa subunit) (Cleavage stimulation factor 64 kDa subunit) (CSTF 64 kDa subunit) (CstF-64)","cleavage body [GO:0071920]; mRNA cleavage and polyadenylation specificity factor complex [GO:0005847]; nuclear body [GO:0016604]; nucleoplasm [GO:0005654]; mRNA binding [GO:0003729]; RNA binding [GO:0003723]; cellular response to nerve growth factor stimulus [GO:1990090]; mRNA polyadenylation [GO:0006378]; pre-mRNA cleavage required for polyadenylation [GO:0098789]"
"99","Q8FY85","AQPZ_BRUSU","aqpZ BR2001 BS1330_I1995","Aquaporin Z","integral component of membrane [GO:0016021]; plasma membrane [GO:0005886]; water channel activity [GO:0015250]"
